varname,N,mean,sd,median,min,max
theta_hat_full,1120,.13714276,.63274735,.066709235,-2.3330762,2.1762292
mG_hat_full,1120,.44993794,1.0321139,.23362544,-1.111375,3.4237823
sg_G_hat_full,1120,-.44993794,1.0321139,-.23362544,-3.4237823,1.111375
