group,split,cutoff_low,cutoff_high,b_G,se_G,t_G,p_G,N_model,N_countries,r2
Bottom 50%,50,,.065028876,.078269899,.061145749,1.2800547,.20115732,530,30,.48056304
Top 50%,50,.0650288766501735,,.036999803,.026958341,1.3724808,.17058119,530,38,.37711322
0-20%,20,,-.29485297,.25085625,.17351113,1.4457647,.1501632,212,19,.60763067
20-40%,20,-.2948529720425582,-.031163355,.037950333,.089972697,.42179832,.67374194,212,23,.4652307
40-60%,20,-.031163355247132,.21369402,.083237655,.060055967,1.3860013,.16767511,212,22,.54931164
60-80%,20,.2136940182937605,.5789209,-.0083533181,.027143592,-.30774549,.75866413,212,17,.62107474
80-100%,20,.578920893709953,,.096988425,.051035479,1.9004117,.05914443,212,18,.25841287
