varname,N,mean,sd,median,min,max
theta_hat_full,1103,9.4813318,13.666172,5.0532813,-.039309047,107.25291
mG_hat_full,1103,11.212388,7.4724565,9.5681877,-1.0049216,46.882214
sg_G_hat_full,1103,-11.212388,7.4724565,-9.5681877,-46.882214,1.0049216
