group,split,cutoff_low,cutoff_high,b_G,se_G,t_G,p_G,N_model,N_countries,r2
Bottom 50%,50,,4.9635706,.020815222,.1258029,.16545899,.86865652,522,39,.48096699
Top 50%,50,4.96357051809086,,.025000853,.20601539,.1213543,.90346521,522,46,.46473277
0-20%,20,,1.9714503,.010819625,.23639089,.04577006,.96355438,209,29,.45668322
20-40%,20,1.971450361934719,3.5551245,-.019782603,.21390465,-.092483275,.92644352,208,35,.58749646
40-60%,20,3.555124441188197,7.0124726,.01605832,.26558602,.060463723,.95187253,210,40,.6553551
60-80%,20,7.012472535239306,13.044354,.22547659,.31411403,.71781766,.47402465,208,32,.36706024
80-100%,20,13.04435449904222,,-.052604832,.40609792,-.12953731,.89709938,209,23,.62044698
