group,split,cutoff_low,cutoff_high,b_G,se_G,t_G,p_G,N_model,N_countries,r2
Bottom 50%,50,,3.8762331,-.061849188,.042901792,-1.4416459,.15008274,530,40,.48915374
Top 50%,50,3.876233196562838,,-.071821347,.07912425,-.9077034,.36451861,530,47,.46590164
0-20%,20,,.97216928,.022207638,.063519038,.34962174,.72710335,212,29,.45731476
20-40%,20,.9721692687779606,2.475559,-.16919556,.12786601,-1.3232254,.18781491,212,35,.48614237
40-60%,20,2.475558878785991,6.1657038,-.15637882,.072602198,-2.153913,.032946896,212,41,.70773298
60-80%,20,6.16570365862418,13.083585,-.16723436,.1259097,-1.3282086,.18614009,212,32,.39688343
80-100%,20,13.08358506384617,,-.60444081,.24744344,-2.4427433,.015664069,212,22,.62863171
