varname,N,mean,sd,median,min,max
theta_hat_full,1120,9.4930992,16.254356,4.0033345,-.43998027,129.07718
mG_hat_full,1120,9.9902878,9.7424135,7.6761079,-5.6939883,56.422005
sg_G_hat_full,1120,-9.9902878,9.7424135,-7.6761079,-56.422005,5.6939883
