group,split,cutoff_low,cutoff_high,b_G,se_G,t_G,p_G,N_model,N_countries,r2
Bottom 50%,50,,1.0750271,.12801199,.067347303,1.9007739,.057977494,530,55,.52871013
Top 50%,50,1.07502706652788,,-.098325923,.11597335,-.84783202,.39698938,530,56,.37601441
0-20%,20,,.18648665,.20834622,.21878065,.95230645,.34264353,212,49,.57770264
20-40%,20,.1864866492995482,.79456955,.085225992,.084549382,1.0080026,.31524327,212,46,.5822469
40-60%,20,.7945695768479812,1.3453261,.19877334,.12217562,1.6269476,.10615124,212,51,.64473158
60-80%,20,1.345326077571642,2.3784316,-.094266817,.2088204,-.45142531,.65241826,212,48,.47124919
80-100%,20,2.378431619331749,,-.12276708,.14680031,-.83628625,.40442923,212,43,.45776469
