b_lambda0,se_lambda0,t_lambda0,p_lambda0,b_lambda1,se_lambda1,t_lambda1,p_lambda1,b_lambda2,se_lambda2,t_lambda2,p_lambda2,N_model,N_countries,r2
.1406519514947501,.10407169,1.351491,.17685427,-.055381369,.062607601,-.88457894,.37660363,-.0033232076,.0015124119,-2.1972902,.02823629,1060,60,.42896304
