varname,N,mean,sd,median,min,max
theta_hat_full,1120,1.3962693,2.3439422,1.075704,-12.97974,18.10564
mG_hat_full,1120,2.0232484,3.0523531,2.2676358,-33.871483,26.810339
sg_G_hat_full,1120,-2.0232484,3.0523531,-2.2676358,-26.810339,33.871483
