group,split,cutoff_low,cutoff_high,b_G,se_G,t_G,p_G,N_model,N_countries,r2
Bottom 50%,50,,-1.3546686,-.043070499,.047658928,-.90372366,.36662018,530,44,.46786338
Top 50%,50,-1.354668578785273,,.045469873,.13163127,.34543368,.72992802,530,45,.51151526
0-20%,20,,-3.0597022,-.4307825,.3387208,-1.2717923,.20536417,212,27,.45044374
20-40%,20,-3.05970215262623,-1.9331038,.32705024,.13313764,2.4564822,.015171295,212,32,.6785993
40-60%,20,-1.933103792072562,-.58923095,.043845732,.12738526,.34419784,.73119962,212,38,.46402061
60-80%,20,-.5892309738298258,1.9829611,.13736826,.14464901,.94966614,.34379941,212,31,.68417317
80-100%,20,1.982961049645749,,-.32182109,.12756728,-2.5227561,.012620299,212,22,.72280443
