b_lambda0,se_lambda0,t_lambda0,p_lambda0,b_lambda1,se_lambda1,t_lambda1,p_lambda1,b_lambda2,se_lambda2,t_lambda2,p_lambda2,N_model,N_countries,r2
.0696005446448037,.073458523,.94748086,.34363052,.011285654,.010396817,1.0854913,.27797464,-.0092060771,.0063143619,-1.4579583,.14517671,1060,60,.44383654
