varname,N,mean,sd,median,min,max
theta_hat_full,1120,.72733879,7.7356377,-1.4201648,-9.8332109,56.980759
mG_hat_full,1120,-2.3912094,7.0574036,-3.6134899,-22.898287,26.32193
sg_G_hat_full,1120,2.3912094,7.0574036,3.6134899,-26.32193,22.898287
