b_lambda0,se_lambda0,t_lambda0,p_lambda0,b_lambda1,se_lambda1,t_lambda1,p_lambda1,b_lambda2,se_lambda2,t_lambda2,p_lambda2,N_model,N_countries,r2
.1484688951181539,.050036553,2.9672089,.0030791557,-.21227317,.071136303,-2.9840341,.0029162592,.0057930835,.0082517201,.70204556,.48281971,1060,60,.42489931
