varname,N,mean,sd,median,min,max
theta_hat_full,1120,.75124454,.300744,.75823689,-1.1316168,2.9251461
mG_hat_full,1120,1.4313313,.4433496,1.4911169,-1.2314103,4.4274883
sg_G_hat_full,1120,-1.4313313,.4433496,-1.4911169,-4.4274883,1.2314103
