group,split,cutoff_low,cutoff_high,b_G,se_G,t_G,p_G,N_model,N_countries,r2
Bottom 50%,50,,.75551468,.057500049,.030581502,1.880223,.060733575,530,57,.43187308
Top 50%,50,.755514697680038,,-.049521502,.035379361,-1.3997285,.16229136,530,54,.46196339
0-20%,20,,.52575964,.074650712,.037650801,1.9827125,.049329091,212,40,.47439626
20-40%,20,.5257596488882172,.68063051,.10495126,.056968655,1.8422632,.067630745,212,47,.57739609
40-60%,20,.6806304856099924,.82859808,-.076762766,.060586266,-1.2669995,.20735312,212,48,.62024534
60-80%,20,.8285981009586929,.97708613,.018241763,.050749246,.35944894,.71982932,212,48,.27494812
80-100%,20,.9770861104951667,,.29905933,.17827809,1.6774879,.095601439,212,37,.65329182
