varname,N,mean,sd,median,min,max
theta_hat_full,1103,.88112009,9.5626955,-2.1396596,-10.745319,79.765656
mG_hat_full,1103,-3.0527301,8.0844374,-4.7007852,-25.320042,35.010887
sg_G_hat_full,1103,3.0527301,8.0844374,4.7007852,-35.010887,25.320042
