group,split,cutoff_low,cutoff_high,b_G,se_G,t_G,p_G,N_model,N_countries,r2
Bottom 50%,50,,-2.1621451,-.1280055,.11752922,-1.0891377,.27668664,522,50,.5193488
Top 50%,50,-2.162145177958619,,-.20530063,.23220529,-.88413417,.37711218,522,56,.47015193
0-20%,20,,-3.1291614,-.13068523,.19456691,-.6716724,.50292331,208,42,.63560778
20-40%,20,-3.12916145765889,-2.5752466,.0019135828,.22693487,.0084322998,.99328434,210,43,.4910292
40-60%,20,-2.57524664128476,-1.5149316,.28905657,.24033141,1.2027416,.23127922,208,49,.53752297
60-80%,20,-1.514931528329136,1.5181305,-.19222675,.3229512,-.59521919,.55270839,209,45,.43505907
80-100%,20,1.5181304972594,,-.43335572,.49369776,-.87777531,.38144198,209,26,.64653784
