group,split,cutoff_low,cutoff_high,b_G,se_G,t_G,p_G,N_model,N_countries,r2
Bottom 50%,50,,-2.1621451,-.1280055,.11752922,-1.0891377,.27668664,522,50,.5193488
Top 50%,50,-2.162145177958513,,-.20530063,.23220529,-.88413417,.37711218,522,56,.47015193
0-20%,20,,-3.1291614,-.13100174,.19362585,-.67657149,.49981031,209,42,.63684577
20-40%,20,-3.129161457658762,-2.5752466,-.0048504607,.22687185,-.021379739,.98297405,209,43,.4904767
40-60%,20,-2.575246641284649,-1.5149316,.28905657,.24033141,1.2027416,.23127922,208,49,.53752297
60-80%,20,-1.514931528329037,1.5181305,-.18972734,.32204175,-.58913893,.55675995,210,45,.43592843
80-100%,20,1.518130497259408,,-.43509123,.49596417,-.87726337,.38172802,208,26,.64647156
