varname,N,mean,sd,median,min,max
theta_hat_full,1103,9.1657896,13.432328,4.7689252,-.23309585,103.45968
mG_hat_full,1103,10.710604,7.5251431,9.1019659,-2.5284953,45.224125
sg_G_hat_full,1103,-10.710604,7.5251431,-9.1019659,-45.224125,2.5284953
