group,split,cutoff_low,cutoff_high,b_G,se_G,t_G,p_G,N_model,N_countries,r2
Bottom 50%,50,,4.7157607,.061213307,.12149365,.50383955,.61461961,522,40,.4699094
Top 50%,50,4.715760802491285,,.052846611,.20517161,.25757271,.79685551,522,45,.47575927
0-20%,20,,1.7650665,-.1882402,.23467945,-.80211627,.42375466,209,29,.48356351
20-40%,20,1.765066561526499,3.3433001,.039709095,.18537496,.21420959,.83068454,208,33,.56782496
40-60%,20,3.343300081784113,6.8555875,.060178023,.30639628,.19640586,.84457731,210,40,.51405925
60-80%,20,6.855587675106444,12.761575,.46442795,.31072521,1.494658,.13716196,209,32,.45490056
80-100%,20,12.76157453094108,,-.089726478,.40609431,-.22094984,.82542229,208,23,.65818912
