varname,N,mean,sd,median,min,max
theta_hat_full,1120,6.4807777,12.247146,2.4167349,-.70173633,98.227539
mG_hat_full,1120,6.2644019,7.6330123,4.6125994,-6.208498,42.937057
sg_G_hat_full,1120,-6.2644019,7.6330123,-4.6125994,-42.937057,6.208498
