group,split,cutoff_low,cutoff_high,b_G,se_G,t_G,p_G,N_model,N_countries,r2
Bottom 50%,50,,2.3345718,-.0089204926,.05526381,-.16141655,.87183619,530,40,.49279603
Top 50%,50,2.334571870890242,,-.052862022,.097809821,-.54045719,.58914739,530,46,.4641211
0-20%,20,,.18704121,-.049717348,.058936443,-.84357566,.40022352,212,29,.48608133
20-40%,20,.1870412132805528,1.2313092,.012000344,.097100966,.12358625,.90181172,212,35,.57626826
40-60%,20,1.231309182615998,4.0199528,.31307051,.14743984,2.123378,.035468478,212,41,.67682767
60-80%,20,4.019952857440152,8.9371214,-.1009638,.10059551,-1.003661,.31718016,212,33,.3687788
80-100%,20,8.937121188186094,,-.25097987,.29474029,-.85152888,.3957563,212,23,.60839063
