group,split,cutoff_low,cutoff_high,b_G,se_G,t_G,p_G,N_model,N_countries,r2
Bottom 50%,50,,4.1754208,-.058167268,.039369486,-1.4774709,.14023526,530,41,.477386
Top 50%,50,4.175420963303401,,-.050297346,.085014932,-.59162956,.55439383,530,46,.48233396
0-20%,20,,.80998099,-.0079063149,.076681577,-.10310579,.91801488,212,30,.45589101
20-40%,20,.8099809935715845,2.5422006,-.021403734,.12694336,-.16860853,.8663348,212,34,.56146502
40-60%,20,2.542200622755255,6.3191128,-.12137945,.089377925,-1.3580474,.1765727,212,37,.49582586
60-80%,20,6.31911292939687,13.665681,-.16424643,.20871042,-.78695846,.43254778,212,32,.46154013
80-100%,20,13.66568056331175,,-.61936885,.22237499,-2.7852452,.0059990208,212,23,.66971898
