varname,N,mean,sd,median,min,max
theta_hat_full,1120,9.589201,16.23447,4.2191453,-3.1093917,125.11513
mG_hat_full,1120,10.192461,9.970252,8.1637335,-8.1393948,54.690121
sg_G_hat_full,1120,-10.192461,9.970252,-8.1637335,-54.690121,8.1393948
