varname,N,mean,sd,median,min,max
theta_hat_full,1120,.15519682,2.05755,-.14275543,-3.6386225,9.9816961
mG_hat_full,1120,.23493916,3.4934709,-.24365261,-5.663703,9.7844601
sg_G_hat_full,1120,-.23493916,3.4934709,.24365261,-9.7844601,5.663703
