group,split,cutoff_low,cutoff_high,b_G,se_G,t_G,p_G,N_model,N_countries,r2
Bottom 50%,50,,-.15259305,.23610643,.19668448,1.2004324,.23057739,530,31,.4876155
Top 50%,50,-.1525930497508826,,.09845075,.082815185,1.1888007,.23512745,530,36,.37701264
0-20%,20,,-1.5558153,.27013415,.43045473,.62755531,.53115243,212,15,.57989621
20-40%,20,-1.555815287304257,-.53188735,.24218848,.28716516,.84337693,.40026894,212,21,.53154707
40-60%,20,-.5318873259546453,.21457422,.23788989,.15561604,1.5286976,.12828965,212,20,.59062237
60-80%,20,.2145742238417628,1.3960681,-.027852122,.10264533,-.27134329,.78647035,212,19,.5240081
80-100%,20,1.396068125870355,,.33304122,.15233538,2.1862369,.030232918,212,19,.28576359
