b_lambda0,se_lambda0,t_lambda0,p_lambda0,b_lambda1,se_lambda1,t_lambda1,p_lambda1,b_lambda2,se_lambda2,t_lambda2,p_lambda2,N_model,N_countries,r2
.2867755761401978,.13017368,2.2030225,.027828375,.10554197,.13990691,.75437284,.45080903,.0026411281,.0013517834,1.9538101,.051011667,1060,60,.42909235
