group,split,cutoff_low,cutoff_high,b_G,se_G,t_G,p_G,N_model,N_countries,r2
Bottom 50%,50,,-1.1864002,.42478991,.50674665,.83826876,.40233389,530,58,.39333385
Top 50%,50,-1.186400143390135,,-.0032395881,.079797797,-.040597461,.96763521,530,60,.56952494
0-20%,20,,-2.304625,-.5522868,.53231364,-1.0375215,.30128154,212,42,.39005992
20-40%,20,-2.304625082093109,-1.4163536,.66669446,.82269454,.81037909,.41925025,212,55,.40038365
40-60%,20,-1.416353628054462,-.97672635,.62885123,.45570281,1.379959,.16998626,212,53,.43885174
60-80%,20,-.9767263265733579,-.51972181,-.026784608,.20407857,-.13124655,.89578319,212,52,.62831712
80-100%,20,-.5197218119667437,,.067223854,.10680044,.62943429,.53016937,212,52,.63788491
