varname,N,mean,sd,median,min,max
theta_hat_full,1120,-1.4896984,1.6436589,-1.1931669,-18.437031,11.083221
mG_hat_full,1120,-2.4450569,2.1624863,-2.3404024,-20.062929,18.080862
sg_G_hat_full,1120,2.4450569,2.1624863,2.3404024,-18.080862,20.062929
