varname,N,mean,sd,median,min,max
theta_hat_full,1120,-1.5026559,1.5621833,-1.3954325,-12.230641,9.0561142
mG_hat_full,1120,-2.6374388,2.2726724,-2.8495219,-21.510672,23.745815
sg_G_hat_full,1120,2.6374388,2.2726724,2.8495219,-23.745815,21.510672
