group,split,cutoff_low,cutoff_high,b_G,se_G,t_G,p_G,N_model,N_countries,r2
Bottom 50%,50,,-1.3860978,.38129917,.48547652,.78541219,.43263179,530,56,.37643483
Top 50%,50,-1.386097738714503,,.0092875203,.087837413,.10573535,.91584009,530,56,.49877238
0-20%,20,,-2.3491704,.092660911,.40065995,.2312707,.81744707,212,43,.45337522
20-40%,20,-2.349170436332791,-1.5969636,.52262694,.73306859,.7129305,.47713774,212,49,.39979628
40-60%,20,-1.596963658204934,-1.1702032,.54340881,.31286708,1.7368679,.084797531,212,53,.70929968
60-80%,20,-1.170203172749035,-.60531932,-.30009061,.20640512,-1.4538914,.14829728,212,47,.52983439
80-100%,20,-.6053193108860593,,.14254564,.14443158,.98694229,.325463,212,50,.5966804
