varname,N,mean,sd,median,min,max
theta_hat_full,1120,-.17136566,2.8528473,.37432456,-19.774496,3.9503639
mG_hat_full,1120,1.0428666,3.0703909,.96603054,-8.643795,9.1650944
sg_G_hat_full,1120,-1.0428666,3.0703909,-.96603054,-9.1650944,8.643795
