group,split,cutoff_low,cutoff_high,b_G,se_G,t_G,p_G,N_model,N_countries,r2
Bottom 50%,50,,.36648044,.05998398,.30283281,.19807623,.84307182,530,34,.51350152
Top 50%,50,.3664804511601316,,.060821071,.070419431,.86369729,.38820726,530,42,.46069047
0-20%,20,,-1.0037597,.24467582,.33529457,.72973388,.46658754,212,17,.71791786
20-40%,20,-1.003759747173262,.086016387,.1073739,.37223589,.28845659,.77337772,212,25,.39584944
40-60%,20,.0860163871775118,.62293363,.12188178,.12704481,.95936054,.3388809,212,28,.62561554
60-80%,20,.6229336482323965,1.4435126,-.044426795,.089576185,-.49596658,.62059861,212,22,.52672112
80-100%,20,1.443512538373019,,.21209668,.12074564,1.7565577,.080871098,212,18,.43965036
