b_lambda0,se_lambda0,t_lambda0,p_lambda0,b_lambda1,se_lambda1,t_lambda1,p_lambda1,b_lambda2,se_lambda2,t_lambda2,p_lambda2,N_model,N_countries,r2
.0869410664445065,.074915364,1.1605239,.246122,.014127606,.0093403365,1.5125371,.130724,-.011346254,.0057635452,-1.9686241,.049281541,1060,60,.45185935
