varname,N,mean,sd,median,min,max
theta_hat_full,1120,1.7554495,8.4890223,-.74755424,-5.247395,65.376999
mG_hat_full,1120,-.91188312,7.2416258,-1.6479846,-16.830267,28.577484
sg_G_hat_full,1120,.91188312,7.2416258,1.6479846,-28.577484,16.830267
