group,split,cutoff_low,cutoff_high,b_G,se_G,t_G,p_G,N_model,N_countries,r2
Bottom 50%,50,,-.76188594,-.0682455,.047157381,-1.447186,.14853343,530,44,.51239097
Top 50%,50,-.7618859599270504,,.12063043,.15417385,.78243124,.43436465,530,41,.48607185
0-20%,20,,-2.405344,-.21323167,.19049181,-1.1193745,.26461715,212,17,.41633162
20-40%,20,-2.405344104246302,-1.1839744,.0056499634,.11322732,.049899299,.96026903,212,32,.60826421
40-60%,20,-1.183974330422165,-.18461175,.013871626,.062990494,.22021778,.82600099,212,32,.59327042
60-80%,20,-.1846117534974578,2.9595191,.90358722,.40556392,2.2279773,.027350402,212,30,.57755321
80-100%,20,2.959519241362152,,-.53872621,.13501875,-3.9900103,.00010010727,212,21,.74381071
