group,split,cutoff_low,cutoff_high,b_G,se_G,t_G,p_G,N_model,N_countries,r2
Bottom 50%,50,,1.2048192,-.021681055,.016358981,-1.3253305,.18571945,530,40,.48784423
Top 50%,50,1.204819228371156,,-.047782198,.030606119,-1.5611975,.119177,530,47,.46448347
0-20%,20,,.27094373,.0021137362,.017570499,.1203003,.90440416,212,30,.47891268
20-40%,20,.2709437455399025,.72769803,-.059822928,.057464357,-1.041044,.29957598,212,36,.59504151
40-60%,20,.7276980478151627,1.8910987,-.0094639575,.036548514,-.25894234,.79605472,212,40,.64690393
60-80%,20,1.891098770988092,4.0710688,-.12111131,.043248482,-2.8003597,.0057863798,212,33,.38028678
80-100%,20,4.071068876193548,,-.13838291,.11061552,-1.2510262,.21276261,212,23,.62118781
