varname,N,mean,sd,median,min,max
theta_hat_full,1120,2.9352174,5.1014462,1.234622,-.1688861,40.685688
mG_hat_full,1120,3.0571132,3.07078,2.3723147,-1.9407138,17.78446
sg_G_hat_full,1120,-3.0571132,3.07078,-2.3723147,-17.78446,1.9407138
