group,split,cutoff_low,cutoff_high,b_G,se_G,t_G,p_G,N_model,N_countries,r2
Bottom 50%,50,,.39663577,.016114192,.039662201,.40628588,.68472874,530,57,.49524412
Top 50%,50,.3966357585230099,,.013769276,.026756598,.51461232,.60708231,530,59,.34708297
0-20%,20,,-.057217505,.4607136,.21476449,2.1452038,.033713166,212,49,.58967775
20-40%,20,-.0572175031281738,.25680479,.14565672,.1440125,1.0114173,.31363958,212,48,.59919691
40-60%,20,.256804784888197,.51896578,.057322782,.052033838,1.1016443,.27269977,212,55,.45109937
60-80%,20,.5189658055580956,.903835,.018859377,.031413272,.60036337,.54933393,212,55,.6363374
80-100%,20,.9038349702362445,,-.012943243,.05179267,-.24990492,.80304939,212,49,.36361074
