varname,N,mean,sd,median,min,max
theta_hat_full,1120,.36356819,1.1323279,.39663577,-8.1973476,8.4570198
mG_hat_full,1120,.70471561,1.7978319,.86882228,-20.247051,15.651136
sg_G_hat_full,1120,-.70471561,1.7978319,-.86882228,-15.651136,20.247051
