group,split,cutoff_low,cutoff_high,b_G,se_G,t_G,p_G,N_model,N_countries,r2
Bottom 50%,50,,-1.3478254,.49078515,.53852803,.9113456,.3626056,530,53,.37048039
Top 50%,50,-1.347825404178307,,.082565367,.10122765,.81564051,.4151279,530,40,.50890023
0-20%,20,,-4.0058351,.70356053,.46594152,1.5099761,.13316725,212,32,.40000442
20-40%,20,-4.005835189035954,-2.1269767,-.33056173,.52640486,-.62796104,.53105247,212,43,.51083523
40-60%,20,-2.126976783268457,-.70058441,.89023787,.57134616,1.558141,.12135016,212,35,.62145519
60-80%,20,-.7005844234039393,.49697027,.17023718,.16849957,1.0103122,.31401718,212,36,.55612457
80-100%,20,.4969702708437678,,.095365658,.24845518,.38383445,.70160443,212,20,.46862599
