b_lambda0,se_lambda0,t_lambda0,p_lambda0,b_lambda1,se_lambda1,t_lambda1,p_lambda1,b_lambda2,se_lambda2,t_lambda2,p_lambda2,N_model,N_countries,r2
.1191441656507571,.11113983,1.0720204,.28397834,-.041084725,.093379281,-.4399769,.66005218,.0030768521,.002104189,1.4622507,.14399742,1060,60,.42624021
