varname,N,mean,sd,median,min,max
theta_hat_full,1120,-2.0928545,3.3224065,-1.4786311,-18.854424,4.4386883
mG_hat_full,1120,-3.5356345,5.3814979,-2.9268482,-31.251083,11.741438
sg_G_hat_full,1120,3.5356345,5.3814979,2.9268482,-11.741438,31.251083
