varname,N,mean,sd,median,min,max
theta_hat_full,626,14.488283,18.12752,8.9543657,.26283303,125.7686
mG_hat_full,626,.17409456,.09216097,.16346239,.011685988,.5497576
sg_G_hat_full,626,-.17409456,.09216097,-.16346239,-.5497576,-.011685988
