group,split,cutoff_low,cutoff_high,b_G,se_G,t_G,p_G,N_model,N_countries,r2
Bottom 50%,50,,8.8772812,-.14233887,.20069553,-.70922792,.47890764,284,38,.58877981
Top 50%,50,8.877281458098977,,-.24820808,.43557325,-.56984234,.56936085,283,43,.52318704
Bottom 20%,20,,4.0673361,.15379079,.30815107,.49907598,.61913055,114,18,.59795088
Top 20%,20,19.99103466770666,,1.0398027,.86052257,1.2083386,.23066339,113,19,.61657453
