b_lambda0,se_lambda0,t_lambda0,p_lambda0,b_lambda1,se_lambda1,t_lambda1,p_lambda1,N_model,N_countries,r2
-.0731821914643474,.039769243,-1.8401705,.066049203,-.0026985514,.00071630848,-3.7673035,.00017498543,1060,60,.44509381
