varname,N,mean,sd,median,min,max
theta_hat_full,1120,9.4930983,16.254356,4.003334,-.4399803,129.07718
mG_hat_full,1120,.099902876,.097424135,.076761074,-.056939881,.56422001
sg_G_hat_full,1120,-.099902876,.097424135,-.076761074,-.56422001,.056939881
