group,split,cutoff_low,cutoff_high,b_G,se_G,t_G,p_G,N_model,N_countries,r2
Bottom 50%,50,,3.8762329,-.061849128,.042901788,-1.4416445,.15008309,530,40,.48915374
Top 50%,50,3.876232873834506,,-.071821474,.079124242,-.90770507,.36451775,530,47,.46590161
0-20%,20,,.9721691,.0222077,.063519046,.34962273,.72710264,212,29,.45731479
20-40%,20,.9721691189572678,2.4755588,-.16919558,.12786601,-1.3232255,.18781486,212,35,.48614234
40-60%,20,2.475558682766115,6.1657033,-.15637875,.072602183,-2.1539125,.032946929,212,41,.70773298
60-80%,20,6.165703255229147,13.083585,-.16723448,.1259097,-1.3282096,.18613975,212,32,.39688343
80-100%,20,13.08358432122889,,-.60444057,.24744353,-2.4427414,.015664147,212,22,.62863165
