region,N,mean_B,mean_G,mean_spread,mean_dB
theta < 0,6,6.4580002,60.337067,2.6532261,1.5185
0 <= theta < 1,96,18.194479,55.522964,4.0138021,1.3165958
theta >= 1,1001,65.528076,62.374073,2.4478462,1.0099958
