group,split,cutoff_low,cutoff_high,b_G,se_G,t_G,p_G,N_model,N_countries,r2
Bottom 50%,50,,3.8762329,-.061849128,.042901788,-1.4416445,.15008309,530,40,.48915374
Top 50%,50,3.876232873834506,,-.071821474,.079124242,-.90770507,.36451775,530,47,.46590161
Bottom 80%,80,,13.083585,-.064243548,.03696328,-1.738037,.082608789,848,56,.45531404
Top 20%,80,13.08358432122889,,-.60444057,.24744353,-2.4427414,.015664147,212,22,.62863165
