specification,debt_control,theta_control,z_controls,b_lambda0,se_lambda0,t_lambda0,p_lambda0,b_lambda1,se_lambda1,t_lambda1,p_lambda1,b_theta,se_theta,t_theta,p_theta,b_debt,se_debt,t_debt,p_debt,N_model,N_countries,r2
Z controls,0,0,1,.0467622119595543,.12362847,.37824792,.70533067,-.0031377969,.00079457165,-3.9490421,.000084242805,,,,,,,,,1044,59,.44332761
theta_F_it + Z,0,1,1,.0261969746856837,.11523335,.22733849,.82020938,-.0014018255,.0041595697,-.33701214,.73618203,-.12039994,.29980019,-.40160063,.68806809,,,,,1044,59,.44337767
Debt only,1,0,0,.0833918732824785,.069094896,1.2069179,.22776106,-.0030708031,.0012782236,-2.4023991,.016476963,,,,,-.011418073,.038517743,-.2964367,.76696074,1044,59,.36378118
Debt + Z,1,0,1,.0382980167376714,.12074824,.31717247,.75118226,-.0013338166,.0012547687,-1.0629981,.28805241,,,,,-.060917459,.039527208,-1.5411527,.12361193,1044,59,.44717973
"No B, No Z",0,0,0,.0901458345363168,.069621436,1.2948,.19570023,-.0034197378,.00072473625,-4.7185965,2.7269120e-06,,,,,,,,,1044,59,.36427554
