region,N,mean_B,mean_G,mean_spread,mean_dB
theta < 0,0,,,,
0 <= theta < 1,25,21.41024,54.402065,3.8738453,1.5301739
theta >= 1,601,68.307198,59.956566,2.7772779,.62364155
