varname,N,mean,sd,median,min,max
theta_hat_full,1120,9.4930983,16.254356,4.0033336,-.43998036,129.07718
mG_hat_full,1120,9.9902868,9.7424135,7.6761069,-5.6939898,56.422005
sg_G_hat_full,1120,-9.9902868,9.7424135,-7.6761069,-56.422005,5.6939898
