group,split,cutoff_low,cutoff_high,b_G,se_G,t_G,p_G,N_model,N_countries,r2
Bottom 50%,50,,3.8762329,-.061849229,.042901792,-1.4416467,.1500825,530,40,.48915374
Top 50%,50,3.876232815221422,,-.071821302,.07912425,-.90770274,.36451894,530,47,.46590164
0-20%,20,,.97216898,.02220761,.063519046,.34962127,.72710371,212,29,.45731476
20-40%,20,.9721689635158191,2.4755583,-.16919562,.127866,-1.323226,.1878147,212,35,.48614237
40-60%,20,2.475558324111876,6.1657033,-.15637884,.072602198,-2.1539135,.032946862,212,41,.70773298
60-80%,20,6.165703086804472,13.083585,-.16723429,.12590973,-1.3282077,.18614037,212,32,.39688343
80-100%,20,13.08358447464062,,-.60444081,.24744332,-2.4427445,.015664019,212,22,.62863171
