specification,debt_control,z_controls,b_lambda0,se_lambda0,t_lambda0,p_lambda0,b_lambda1,se_lambda1,t_lambda1,p_lambda1,b_debt,se_debt,t_debt,p_debt,N_model,N_countries,r2
Z controls,0,1,-.0732742513593582,.039754633,-1.8431625,.065610856,-.0027045512,.00071691541,-3.7724831,.00017144321,,,,,1060,60,.4451524
Debt only,1,0,-.1254467025030357,.042284645,-2.9667199,.0030833981,-.0027154852,.0011193575,-2.4259319,.015449696,-.019414086,.03710068,-.52328116,.60089755,1060,60,.37118545
Debt + Z,1,1,-.0604382384233778,.040142018,-1.5056103,.13249379,-.0010442907,.0010861693,-.96144378,.33656943,-.064229257,.037825625,-1.6980356,.089822762,1060,60,.45033658
"No B, No Z",0,0,-.1257056257289918,.042158943,-2.9817073,.0029376405,-.0032532248,.00065010949,-5.004118,6.6543822e-07,,,,,1060,60,.37124658
