group,split,cutoff_low,cutoff_high,b_G,se_G,t_G,p_G,N_model,N_countries,r2
Bottom 50%,50,,1.2663823,.037750669,.060521852,.62375265,.53310329,530,46,.54040307
Top 50%,50,1.266382299756931,,.065798603,.16608872,.3961654,.69217163,530,51,.41490352
0-20%,20,,.68531936,.11869457,.06758976,1.756103,.081020743,212,25,.54515952
20-40%,20,.6853193708877523,1.0859232,.043844283,.092956528,.47166437,.63789028,212,40,.64496899
40-60%,20,1.085923189074574,1.4833816,-.1069722,.23596548,-.45333833,.65099227,212,40,.73775983
60-80%,20,1.483381631149507,2.321517,.50100732,.34152555,1.4669688,.14458035,212,39,.56374413
80-100%,20,2.321516902167942,,-.27224585,.16021918,-1.699209,.09129896,212,27,.46325159
