varname,N,mean,sd,median,min,max
theta_hat_full,1120,1.5931948,1.2122555,1.309203,-.19027197,9.1723547
mG_hat_full,1120,2.578495,1.1590261,2.4645996,-.84426296,8.4800167
sg_G_hat_full,1120,-2.578495,1.1590261,-2.4645996,-8.4800167,.84426296
