b_lambda0,se_lambda0,t_lambda0,p_lambda0,b_lambda1,se_lambda1,t_lambda1,p_lambda1,b_lambda2,se_lambda2,t_lambda2,p_lambda2,N_model,N_countries,r2
.1265461285457543,.097037375,1.3040968,.1925109,-.04544295,.066784211,-.68044448,.49638593,-.028526826,.0085683567,-3.3293231,.00090345694,1060,60,.4469133
