varname,N,mean,sd,median,min,max
theta_hat_full,1120,-.39102653,3.163152,.30414522,-22.787382,6.7196627
mG_hat_full,1120,.66199803,3.5134866,.80968875,-10.854908,15.647864
sg_G_hat_full,1120,-.66199803,3.5134866,-.80968875,-15.647864,10.854908
