group,split,cutoff_low,cutoff_high,b_G,se_G,t_G,p_G,N_model,N_countries,r2
Bottom 50%,50,,.26867622,.01289216,.18987912,.067896664,.94589764,530,44,.48241907
Top 50%,50,.2686762195514233,,.070318677,.078779921,.89259642,.37254515,530,44,.50935072
0-20%,20,,-1.639045,.19491804,.35089558,.55548733,.57934213,212,23,.73881602
20-40%,20,-1.639045056734232,-.16957916,-.31950164,.27300036,-1.1703341,.24369819,212,30,.57906228
40-60%,20,-.1695791616616587,.55986965,.0094737895,.085162073,.11124423,.91157758,212,38,.721443
60-80%,20,.5598696438934104,1.4946973,-.0025581571,.081529506,-.03137707,.97501051,212,33,.78066862
80-100%,20,1.494697279106143,,.29448017,.13795532,2.1346054,.03442926,212,32,.50774819
