varname,N,mean,sd,median,min,max
theta_hat_full,1120,3.38886,5.402854,1.6348161,-1.7795342,40.681843
mG_hat_full,1120,3.7810695,3.3444178,3.1160059,-4.1439447,17.849646
sg_G_hat_full,1120,-3.7810695,3.3444178,-3.1160059,-17.849646,4.1439447
