group,split,cutoff_low,cutoff_high,b_G,se_G,t_G,p_G,N_model,N_countries,r2
Bottom 50%,50,,1.6318542,-.024881991,.015495434,-1.6057626,.10901984,530,44,.44394344
Top 50%,50,1.631854205261768,,-.056659497,.035969689,-1.575201,.11590506,530,45,.4945201
0-20%,20,,.39951107,-.0073339669,.029560385,-.24810119,.80439097,212,30,.40149534
20-40%,20,.3995110770245101,1.0336951,-.022464594,.025369745,-.88548762,.3773399,212,35,.5650779
40-60%,20,1.033695066486615,2.3064146,-.045142397,.030638704,-1.4733782,.14283165,212,37,.48649263
60-80%,20,2.306414620436404,4.9081359,-.096617475,.073748954,-1.310086,.19216943,212,32,.51516473
80-100%,20,4.908135871432552,,-.19706617,.097384855,-2.0235813,.044688061,212,23,.66796237
