varname,N,mean,sd,median,min,max
theta_hat_full,1103,.67936343,9.578742,-2.2734966,-12.253562,76.856483
mG_hat_full,1103,-3.4156799,8.2157259,-4.9922161,-32.336464,33.729477
sg_G_hat_full,1103,3.4156799,8.2157259,4.9922161,-33.729477,32.336464
