group,split,cutoff_low,cutoff_high,b_G,se_G,t_G,p_G,N_model,N_countries,r2
Bottom 50%,50,,-2.3054097,-.089103997,.12598991,-.70723116,.47979638,522,51,.49171659
Top 50%,50,-2.305409756745282,,-.18901104,.22631194,-.83517927,.40407211,522,53,.43887272
0-20%,20,,-3.2639313,.23489147,.21343292,1.10054,.27302688,209,42,.59679717
20-40%,20,-3.263931288604149,-2.706486,-.31473431,.23610654,-1.3330182,.18478778,209,45,.30384284
40-60%,20,-2.706485872543435,-1.6362036,-.35858181,.20705999,-1.7317774,.085685305,209,49,.50640398
60-80%,20,-1.636203588279466,1.6636999,.044625115,.34356683,.12988773,.89684719,209,42,.40720513
80-100%,20,1.6636998328077,,-.063251145,.50590771,-.12502506,.90067226,208,29,.6044476
