group,split,cutoff_low,cutoff_high,b_G,se_G,t_G,p_G,N_model,N_countries,r2
Bottom 50%,50,,-1.9162513,.011207428,.12546144,.08932966,.92885929,522,38,.45495236
Top 50%,50,-1.916251296115523,,-.19362943,.21708709,-.89194351,.37290308,522,44,.45325401
0-20%,20,,-4.1584907,-.056359518,.28685039,-.19647704,.84448308,209,17,.46358657
20-40%,20,-4.158490540786635,-2.5551863,-.12031085,.25232309,-.47681266,.63419878,209,31,.43945754
40-60%,20,-2.555186200404016,-1.3277763,-.1930549,.20458221,-.94365436,.34686375,208,28,.57259351
60-80%,20,-1.327776362952878,1.4445735,-.085621819,.2637763,-.32460013,.74595153,210,35,.56982595
80-100%,20,1.444573550089273,,-.31620103,.43901956,-.72024363,.47247392,208,24,.48091698
