b_lambda0,se_lambda0,t_lambda0,p_lambda0,b_lambda1,se_lambda1,t_lambda1,p_lambda1,b_lambda2,se_lambda2,t_lambda2,p_lambda2,N_model,N_countries,r2
.1385255988205426,.044943869,3.0821912,.0021130347,-.19681697,.062217925,-3.1633484,.0016083112,-.0069178506,.0045772004,-1.5113715,.13102053,1060,60,.42714694
