varname,N,mean,sd,median,min,max
theta_hat_full,1120,.46527076,2.5286989,.84304523,-17.869898,19.600916
mG_hat_full,1120,1.797015,3.1441145,2.0072541,-21.532198,23.984608
sg_G_hat_full,1120,-1.797015,3.1441145,-2.0072541,-23.984608,21.532198
