group,split,cutoff_low,cutoff_high,b_G,se_G,t_G,p_G,N_model,N_countries,r2
Bottom 50%,50,,.87096471,.19220449,.13959859,1.3768369,.16926442,530,60,.49786302
Top 50%,50,.8709647349109333,,.0051765633,.11118789,.046556897,.96288747,530,59,.40822712
0-20%,20,,-.094617136,.14550667,.34806082,.41804957,.67658001,212,48,.57228267
20-40%,20,-.0946171348898581,.67217076,.29558715,.17106406,1.7279326,.086374938,212,52,.64532304
40-60%,20,.6721707562272641,1.0278105,.35087788,.12850097,2.7305467,.007229385,212,55,.3902078
60-80%,20,1.027810461696397,1.5125725,-.0030742085,.13704014,-.022432907,.98213702,212,52,.40204254
80-100%,20,1.512572511825586,,.19995862,.58852118,.33976454,.73457801,212,51,.55240542
