group,split,cutoff_low,cutoff_high,b_G,se_G,t_G,p_G,N_model,N_countries,r2
Bottom 50%,50,,3.5938461,.010520086,.050987251,.20632777,.83662635,530,41,.48063105
Top 50%,50,3.593846027398788,,-.067743421,.095042527,-.71276951,.47635454,530,45,.47616065
0-20%,20,,.92094994,.070870109,.065915853,1.0751604,.28400663,212,30,.46632579
20-40%,20,.9209499372263195,2.3821733,-.11831935,.11719289,-1.009612,.31434017,212,35,.58019483
40-60%,20,2.382173392569311,5.4906187,-.062387958,.094417393,-.66076767,.50983948,212,40,.53057462
60-80%,20,5.490618739440469,11.06599,-.047020402,.12070686,-.38954207,.69743139,212,33,.4737601
80-100%,20,11.06599051708742,,-.43494928,.25496641,-1.7059081,.089990139,212,24,.65746129
