varname,N,mean,sd,median,min,max
theta_hat_full,1120,8.0137987,13.15733,3.6603053,-.82071733,102.36189
mG_hat_full,1120,8.7184086,7.8422699,7.0834255,-5.0878396,44.744259
sg_G_hat_full,1120,-8.7184086,7.8422699,-7.0834255,-44.744259,5.0878396
