group,split,cutoff_low,cutoff_high,b_G,se_G,t_G,p_G,N_model,N_countries,r2
Bottom 50%,50,,-2.165216,.0067435429,.12471082,.054073438,.95690048,522,39,.50515747
Top 50%,50,-2.165215934096781,,-.22823443,.23138082,-.98640168,.32447326,522,47,.42796296
0-20%,20,,-3.472903,-.16282822,.24572675,-.66263938,.50851494,208,18,.47093058
20-40%,20,-3.47290311150778,-2.6071389,-.09667065,.18043554,-.53576285,.59291601,210,30,.62955451
40-60%,20,-2.607138889623455,-1.6817878,-.14616477,.31062368,-.47055259,.63869256,208,38,.33408135
60-80%,20,-1.681787892234508,1.323602,.084895439,.22374946,.37942186,.70493358,210,36,.5350318
80-100%,20,1.323601912932705,,-.33496255,.45307016,-.73931712,.46083263,208,22,.52356559
