group,split,cutoff_low,cutoff_high,b_G,se_G,t_G,p_G,N_model,N_countries,r2
Bottom 50%,50,,-2.165216,.0067435429,.12471082,.054073438,.95690048,522,39,.50515747
Top 50%,50,-2.165215934096888,,-.22823443,.23138082,-.98640168,.32447326,522,47,.42796296
0-20%,20,,-3.472903,-.16282822,.24631673,-.66105223,.50952959,209,19,.46854091
20-40%,20,-3.472903111507991,-2.6071389,-.084200487,.18096288,-.46529147,.64240664,208,30,.62931883
40-60%,20,-2.607138889623644,-1.6817878,-.16317557,.30931121,-.52754492,.59864438,209,38,.34245595
60-80%,20,-1.681787892234524,1.323602,.084895439,.22374946,.37942186,.70493358,210,36,.5350318
80-100%,20,1.323601912933028,,-.33496255,.45307016,-.73931712,.46083263,208,22,.52356559
