varname,N,mean,sd,median,min,max
theta_hat_full,1103,.45002684,9.2318649,-2.145736,-4.8753433,76.17218
mG_hat_full,1103,-3.583029,7.8611331,-4.6188054,-16.743521,33.296257
sg_G_hat_full,1103,3.583029,7.8611331,4.6188054,-33.296257,16.743521
