b_lambda0,se_lambda0,t_lambda0,p_lambda0,b_lambda1,se_lambda1,t_lambda1,p_lambda1,b_lambda2,se_lambda2,t_lambda2,p_lambda2,N_model,N_countries,r2
.0795883920917504,.040356942,1.9721116,.048881501,-.10497943,.051253002,-2.0482593,.040804204,.010839882,.014998509,.7227307,.47002012,1060,60,.42342222
