varname,N,mean,sd,median,min,max
theta_hat_full,1120,.59673774,.28946641,.60231096,-1.3221818,1.3573867
mG_hat_full,1120,1.2012435,.49498007,1.2665251,-.62982935,3.0401587
sg_G_hat_full,1120,-1.2012435,.49498007,-1.2665251,-3.0401587,.62982935
