b_lambda0,se_lambda0,t_lambda0,p_lambda0,b_lambda1,se_lambda1,t_lambda1,p_lambda1,b_lambda2,se_lambda2,t_lambda2,p_lambda2,N_model,N_countries,r2
.2448824801883285,.16920041,1.4472924,.14813912,.076672308,.074876457,1.0239842,.30609882,.0035871172,.0039491327,.90833032,.36393002,1060,60,.42842877
