group,split,cutoff_low,cutoff_high,b_G,se_G,t_G,p_G,N_model,N_countries,r2
Bottom 50%,50,,-2.4074101,-.04245415,.24718171,-.1717528,.86370724,530,38,.39932078
Top 50%,50,-2.407410177148577,,.19196343,.20672743,.92858231,.35358426,530,32,.45771411
0-20%,20,,-5.6340032,-.25220212,1.0891515,-.23155835,.8171826,212,24,.28909218
20-40%,20,-5.634003311036184,-3.6155064,-.16432041,.38278785,-.42927283,.66830581,212,23,.50899643
40-60%,20,-3.615506409355926,-1.2450891,.67569417,.62249589,1.0854597,.27934071,212,21,.42603648
60-80%,20,-1.24508903317129,.0076515633,-.18239696,.33421782,-.54574281,.58599347,212,20,.56913775
80-100%,20,.0076515631431195,,.13137007,.12155565,1.0807401,.28135258,212,13,.53343362
