varname,N,mean,sd,median,min,max
theta_hat_full,1120,-3.3414536,4.3374276,-2.4341519,-25.234188,2.7434845
mG_hat_full,1120,-6.0055165,7.2132354,-4.0545573,-26.162909,5.4243236
sg_G_hat_full,1120,6.0055165,7.2132354,4.0545573,-5.4243236,26.162909
