b_lambda0,se_lambda0,t_lambda0,p_lambda0,b_lambda1,se_lambda1,t_lambda1,p_lambda1,b_lambda2,se_lambda2,t_lambda2,p_lambda2,N_model,N_countries,r2
.1841079949220072,.1001609,1.8381225,.066350959,-.078549929,.073185645,-1.0732969,.28340566,-.0070010312,.0021602113,-3.2409012,.0012322111,1060,60,.43701455
