group,split,cutoff_low,cutoff_high,b_G,se_G,t_G,p_G,N_model,N_countries,r2
Bottom 50%,50,,1.3741199,.11809358,.068099231,1.7341397,.083578132,530,50,.47941551
Top 50%,50,1.37411989258585,,-.076740399,.1414358,-.54258114,.58768922,530,53,.45027304
0-20%,20,,.70335543,-.033999011,.094851471,-.35844475,.72054285,212,40,.48664856
20-40%,20,.7033554089187015,1.1108881,.42907438,.14281723,3.00436,.0031577938,212,43,.57053977
40-60%,20,1.110888163685895,1.6817437,.01965419,.13107689,.14994398,.88103765,212,50,.61844486
60-80%,20,1.681743691232103,2.6859298,.017482031,.18272187,.09567564,.92391902,212,45,.43421704
80-100%,20,2.68592976692599,,-.59004384,.41568339,-1.4194549,.15788351,212,35,.54498225
