varname,N,mean,sd,median,min,max
theta_hat_full,1120,1.8663038,1.7687668,1.4043529,-4.2567573,12.653501
mG_hat_full,1120,2.8021433,1.3783467,2.7230506,-9.8286676,13.769369
sg_G_hat_full,1120,-2.8021433,1.3783467,-2.7230506,-13.769369,9.8286676
