group,split,cutoff_low,cutoff_high,b_G,se_G,t_G,p_G,N_model,N_countries,r2
Bottom 50%,50,,-2.2958322,-.076631054,.12755382,-.60077429,.54830253,522,56,.52352357
Top 50%,50,-2.295832052295133,,-.025802812,.23828825,-.10828403,.91382033,522,56,.40422097
0-20%,20,,-3.7413507,.29907063,.197127,1.5171471,.13169546,209,51,.56341732
20-40%,20,-3.741350648331052,-2.8003471,.053771693,.17577499,.30591208,.76016092,209,49,.61254734
40-60%,20,-2.800347075922402,-1.6233618,-.34374708,.2957195,-1.1624093,.24718255,208,47,.40868968
60-80%,20,-1.62336188343837,1.6559937,-.075998925,.25825471,-.29427898,.76902145,209,50,.47699556
80-100%,20,1.65599370694769,,.30740923,.58630937,.52431232,.60087878,209,37,.56467581
