group,split,cutoff_low,cutoff_high,b_G,se_G,t_G,p_G,N_model,N_countries,r2
Bottom 50%,50,,-2.2389414,-.087084711,.11917394,-.7307362,.46531975,522,41,.48087165
Top 50%,50,-2.238941429459535,,-.23477262,.22237249,-1.0557629,.29165196,522,48,.46684355
0-20%,20,,-3.0095015,-.15842783,.21671265,-.73105025,.4658739,209,27,.5954262
20-40%,20,-3.009501485243228,-2.6274164,-.028430479,.19511555,-.14571097,.8843562,209,37,.41591737
40-60%,20,-2.627416409872054,-1.5435059,.07208132,.19270539,.37404934,.70896327,208,44,.58071309
60-80%,20,-1.54350590750379,1.5429388,-.33284256,.26847929,-1.2397327,.21709077,210,36,.43664369
80-100%,20,1.542938809007616,,-.3320204,.50200474,-.66138899,.50933856,208,22,.66064274
