varname,N,mean,sd,median,min,max
theta_hat_full,1103,.93240565,9.6281919,-2.2374914,-4.2117624,77.710953
mG_hat_full,1103,-3.0176167,7.8827519,-4.7551665,-16.133354,33.968884
sg_G_hat_full,1103,3.0176167,7.8827519,4.7551665,-33.968884,16.133354
