group,split,cutoff_low,cutoff_high,b_G,se_G,t_G,p_G,N_model,N_countries,r2
Bottom 50%,50,,-2.2389414,-.087084711,.11917394,-.7307362,.46531975,522,41,.48087165
Top 50%,50,-2.238941429459498,,-.23477262,.22237249,-1.0557629,.29165196,522,48,.46684355
0-20%,20,,-3.0095015,-.18971807,.2264719,-.83771127,.40351683,208,27,.59303033
20-40%,20,-3.009501485243116,-2.6274164,.0024042451,.20548657,.011700255,.99068117,209,37,.41382366
40-60%,20,-2.627416409871984,-1.5435059,.057553437,.18828481,.30567223,.76032507,210,44,.58365929
60-80%,20,-1.543505907503766,1.5429388,-.33254889,.26831001,-1.2394204,.21723437,208,36,.43175611
80-100%,20,1.542938809007378,,-.32959086,.50231487,-.65614396,.51269197,209,22,.66154635
