group,split,cutoff_low,cutoff_high,b_G,se_G,t_G,p_G,N_model,N_countries,r2
Bottom 50%,50,,1.1852903,-.0078921802,.11666862,-.067646123,.94609809,530,59,.41090477
Top 50%,50,1.185290300024626,,.071321219,.12917671,.55212134,.58114177,530,54,.45859721
0-20%,20,,.68233556,.041516628,.15904082,.26104385,.79442906,212,37,.56863481
20-40%,20,.6823355296344061,1.0767058,.040470473,.09579207,.42248252,.67336547,212,51,.55218112
40-60%,20,1.076705796379148,1.2725163,.095181502,.21184002,.4493084,.65396315,212,52,.42154172
60-80%,20,1.272516218421453,1.4721631,.0021345979,.11781017,.018118961,.98557031,212,45,.39700985
80-100%,20,1.472163139799779,,-.46667013,.34149909,-1.366534,.17394659,212,42,.54787034
