varname,N,mean,sd,median,min,max
theta_hat_full,1120,.76659405,1.8943254,1.1871868,-15.862497,4.9395976
mG_hat_full,1120,2.3403084,2.0125315,2.7265882,-6.9337883,12.775565
sg_G_hat_full,1120,-2.3403084,2.0125315,-2.7265882,-12.775565,6.9337883
